nombre,descripcion,calorias,proteinas,grasas,carbohidratos,categoria,beneficios,imagen_url,
Bistec de ternera  ,"Carne magra y tierna, rica en proteínas de alta calidad y hierro, ideal para la salud muscular y el sistema inmune",92,"20,7 ","7,56","0,5 ",carnes,"Rico en proteínas, ayuda al desarrollo muscular y alto en hierro.",https://res.cloudinary.com/dnkvrqfus/image/upload/v1732631975/lkdeen4papvkyt5okwqj.jpg,
Buey semi graso ,"Carne de sabor intenso, con un equilibrio entre grasa y proteína, excelente fuente de energía y vitaminas B",160,0,0,0,carnes,"Fuente de proteínas y hierro, contribuye a la energía y fuerza.",https://res.cloudinary.com/dnkvrqfus/image/upload/v1732632037/uavbaih1flqzy1limp1x.jpg,
Cabrito ,"Carne tierna y jugosa, baja en grasas y rica en minerales como el zinc y el fósforo",127,"19,2 ",17,"0,7 ",carnes,"Carne magra, fácil de digerir y rica en proteínas y vitaminas del grupo B.",https://res.cloudinary.com/dnkvrqfus/image/upload/v1732632057/qodmk1xwxsimgiqgtnko.jpg,
Cerdo carne magra  ,"Fuente magra de proteínas, con bajo contenido de grasas y un perfil rico en vitaminas B1 y B6.",146,"19,9 ","6,8",0,carnes,"Bajo en grasas, alto en proteínas, rico en zinc y vitaminas B6 y B12.",https://res.cloudinary.com/dnkvrqfus/image/upload/v1732632084/tjdw1rmwsw42c3fueose.jpg,
Cerdo carne grasa  ,"Carne sabrosa con alto contenido energético, adecuada para platos tradicionales y guisos ricos.",398,"14,5 ","37,3",0,carnes,"Sabor intenso, buena fuente de energía y vitamina B1.",https://res.cloudinary.com/dnkvrqfus/image/upload/v1732632139/s4xt8nuydvoarrbc2dpw.jpg,
Ciervo ,"Carne roja magra, rica en hierro, fósforo y proteínas, ideal para dietas saludables",120,"20,3 ","3,7","0,6 ",carnes,"Alto en hierro y bajo en grasas saturadas, ideal para dietas saludables.",https://res.cloudinary.com/dnkvrqfus/image/upload/v1732632168/f4mdlmrnjldigbh2glzv.jpg,
Codorniz ,"Ave pequeña con carne tierna y sabrosa, alta en proteínas y baja en grasa.",162,25,"6,8",0,carnes,"Rica en hierro, fósforo y vitaminas, ideal para fortalecer el sistema inmune.",https://res.cloudinary.com/dnkvrqfus/image/upload/v1732632206/jgcylzwrwam2m17c7jaa.jpg,
Conejo ,"Carne magra y tierna, baja en grasas y colesterol, excelente para dietas equilibradas.",120,"21,2 ","6,6",0,carnes,"Baja en grasas, excelente fuente de proteínas magras y vitaminas.",https://res.cloudinary.com/dnkvrqfus/image/upload/v1732632227/jv8yfzqbdalgnlys3njq.jpg,
Cordero Lechal ,"Carne tierna y jugosa, rica en sabor y nutrientes como el zinc y el hierro.",105,21,"2,4",0,carnes,"Rico en proteínas y minerales, ideal para desarrollo muscular.",https://res.cloudinary.com/dnkvrqfus/image/upload/v1732632246/uu9fqflrfkzk0uh9ya04.jpg,
Cordero (Pierna) ,"Parte magra y versátil, ideal para asados, rica en proteínas y minerales esenciales.",98,"17,1 ","3,3",0,carnes,"Rico en hierro y zinc, contribuye a la formación de glóbulos rojos.",https://res.cloudinary.com/dnkvrqfus/image/upload/v1732632318/eegmbr4u0kmdee6v2z8k.jpg,
Faisán ,"Ave de carne suave y baja en grasa, rica en proteínas y vitaminas del complejo B.",144,"24,3 ","5,2",0,carnes,"Rico en hierro y vitamina B6, ideal para mejorar la función inmunitaria.",https://res.cloudinary.com/dnkvrqfus/image/upload/v1732632319/qsulmrgehev4ur3szqcf.jpg,
Hígado de cerdo ,"Órgano nutritivo y rico en hierro, vitaminas A y B12, ideal para la regeneración celular.",141,"22,8 ","4,8","1,5 ",carnes,"Alto en hierro y vitamina A, mejora la salud ocular y el sistema inmune.",https://res.cloudinary.com/dnkvrqfus/image/upload/v1732632315/t4nsdhofc8qbblobqnvw.jpg,
Higado de vacuno  ,"Alimento altamente nutritivo, rico en hierro hemo, vitamina A y ácido fólico",129,21,"4,4","0,9 ",carnes,"Excelente fuente de hierro, vitamina A y ácido fólico.",https://res.cloudinary.com/dnkvrqfus/image/upload/v1732632315/swm1fkowcs8agayrocto.jpg,
Jabalí ,"Carne roja de sabor fuerte, magra y rica en proteínas, hierro y fósforo.",107,21,2,"0,4 ",carnes,"Carne magra, rica en hierro, ideal para dietas bajas en grasas.",https://res.cloudinary.com/dnkvrqfus/image/upload/v1732632315/cvbij1sz5g6dsvde46ef.jpg,
Lacón ,"Parte curada del cerdo, de sabor intenso y rica en grasas, ideal para platos tradicionales.",361,"19,2 ","31,6",0,carnes,"Buena fuente de proteínas y grasas, ideal para aportar energía.",https://res.cloudinary.com/dnkvrqfus/image/upload/v1732632571/yrwmcf2mfd1a1jjo3h2p.jpg,
Liebre ,"Carne oscura y magra, con sabor fuerte, rica en proteínas y baja en grasas.",126,"22,8 ","3,2",0,carnes,"Baja en grasas, rica en proteínas y minerales esenciales.",https://res.cloudinary.com/dnkvrqfus/image/upload/v1732633538/ovb3juv9lw1vhdlzbpkx.jpg,
Pato ,"Carne jugosa y sabrosa, con mayor contenido de grasas saludables, rica en hierro y vitamina B.",288,"15,9 ","24,9",0,carnes,"Rico en grasas saludables, alto contenido de hierro y vitamina B12.",https://res.cloudinary.com/dnkvrqfus/image/upload/v1732632572/me5jpdyzsmalggojf5dy.png,
Pavo pechuga ,"Carne magra de ave, baja en grasas y alta en proteínas, ideal para dietas ligeras.",134,22,"4,9","0,4 ",carnes,"Bajo en grasas, excelente fuente de proteínas magras.",https://res.cloudinary.com/dnkvrqfus/image/upload/v1732632568/i5tgsqidam0qchb7join.jpg,
Pavo muslo ,"Parte más jugosa, con mayor contenido de grasa, rica en hierro y zinc.",186,"20,9 ","11,2","0,4 ",carnes,"Rico en hierro y proteínas, ideal para el desarrollo muscular.",https://res.cloudinary.com/dnkvrqfus/image/upload/v1732633534/hxrvbf07xu4abqnweppt.jpg,
Perdiz ,"Ave de carne magra y delicada, rica en proteínas y baja en grasas.",120,25,"1,4","0,5 ",carnes,"Baja en grasas y rica en proteínas, ideal para dietas saludables.",https://res.cloudinary.com/dnkvrqfus/image/upload/v1732632565/xl36nny6fnx2kiduydwu.jpg,
Pollo muslo ,"Carne jugosa y rica en sabor, con mayor grasa que la pechuga, pero aún saludable.",130,"19,6 ","5,7",0,carnes,"Fuente de proteínas y hierro, ideal para energía y desarrollo muscular.",https://res.cloudinary.com/dnkvrqfus/image/upload/v1732633532/pxiddqxwixcf7i8e9evc.jpg,
Pollo pechuga ,"Fuente magra de proteínas, baja en grasas y muy versátil para diferentes preparaciones.",108,"22,4 ",2.1,0,carnes,"Bajo en grasas, excelente para dietas y fortalecimiento muscular.",https://res.cloudinary.com/dnkvrqfus/image/upload/v1732633531/ulxm2uy5pvs2eyt0n35n.jpg,
Almeja ,"Molusco rico en hierro y proteínas, bajo en calorías.",73,"10,2 ","2,5","2,2 ",pescados,"Fuente de hierro y vitamina B12, ideal para prevenir anemia.",https://res.cloudinary.com/dnkvrqfus/image/upload/v1732634247/entqvpgwwye2zgp1bzkq.jpg,
Anguila ,"Pescado graso con textura suave, sabor intenso.",264,"11,8 ","23,7","0,1 ",pescados,"Alto en grasas saludables y vitaminas A y D, beneficioso para la piel y los huesos.",https://res.cloudinary.com/dnkvrqfus/image/upload/v1732634245/dlawl8stowyo6n7iyemv.jpg,
Arenque ,Pescado azul con alto contenido de omega-3.,174,"17,7 ","11,5",0,pescados,"Rico en ácidos grasos omega-3, ayuda a la salud cardiovascular.",https://res.cloudinary.com/dnkvrqfus/image/upload/v1732634244/xqdnhlseswrhdyzkw0zt.jpg,
Atún fresco  ,Pescado magro de carne firme y versátil.,158,"21,5 ",8,0,pescados,"Alto en proteínas y omega-3, promueve la salud del corazón y el cerebro.",https://res.cloudinary.com/dnkvrqfus/image/upload/v1732634242/gsw3q7omnwyo3zwzw7ec.jpg,
Bacalao ,Pescado blanco de carne magra y suave.,122,29,"0,7",0,pescados,"Bajo en grasas, rico en proteínas y vitamina D.",https://res.cloudinary.com/dnkvrqfus/image/upload/v1732634241/djtg56bnuvzx32fcpxhg.jpg,
Boquerón ,Pequeño pescado azul con sabor fuerte.,96,"16,8 ","2,6","1,5 ",pescados,"Fuente de calcio y omega-3, ideal para fortalecer huesos y articulaciones.",https://res.cloudinary.com/dnkvrqfus/image/upload/v1732634487/anfsbbzjjxr3mhq4kcoq.jpg,
Caballa ,Pescado azul con sabor intenso.,170,17,"11,1",0,pescados,"Rico en omega-3 y selenio, mejora la salud cardiovascular y el sistema inmune.",https://res.cloudinary.com/dnkvrqfus/image/upload/v1732634522/qxzmysukykqdkdottgmq.jpg,
Calamar ,Cefalópodo de carne firme y versátil en la cocina.,68,"12,6 ","1,7","0,7 ",pescados,"Bajo en grasas, rico en proteínas y minerales como el zinc.",https://res.cloudinary.com/dnkvrqfus/image/upload/v1732634520/mmavyt8jc1fjgom1gmyr.jpg,
Dorada ,Pescado blanco de carne firme y delicada.,80,"19,8 ","1,2",0,pescados,"Rico en proteínas y bajo en grasas, ideal para dietas saludables.",https://res.cloudinary.com/dnkvrqfus/image/upload/v1732634520/znutz5p9mzdtrje2vsfy.jpg,
Gallo ,Pescado blanco de carne suave y bajo en grasas.,78,"16,2 ","0,9","1,2 ",pescados,"Alto en proteínas, favorece el mantenimiento muscular.",https://res.cloudinary.com/dnkvrqfus/image/upload/v1732634518/vv0ae3vtwbdvkudvrpog.jpg,
Gamba ,Marisco de carne tierna y dulce.,65,"13,6 ","0,6","2,9 ",pescados,"Fuente de proteínas y antioxidantes, contribuye a la salud de la piel y el sistema inmune.",https://res.cloudinary.com/dnkvrqfus/image/upload/v1732634515/y2frtdtwjhdyxaaopjlw.jpg,
Langosta ,Crustáceo de carne firme y delicada.,88,"16,2 ","1,9",1,pescados,"Rica en proteínas y baja en grasas, ideal para una dieta equilibrada.",https://res.cloudinary.com/dnkvrqfus/image/upload/v1732634654/udqvcvgyjsqjezijshd6.jpg,
Lenguado ,Pescado plano de sabor suave y carne tierna.,82,"16,9 ","1,7","0,8 ",pescados,"Bajo en grasas y alto en proteínas, ayuda al mantenimiento muscular.",https://res.cloudinary.com/dnkvrqfus/image/upload/v1732634652/lky7tdr1ejiukswlesv5.jpg,
Lubina ,Pescado blanco de carne firme y versátil.,82,"16,6 ","1,5","0,6 ",pescados,"Rica en omega-3, beneficiosa para la salud cardiovascular.",https://res.cloudinary.com/dnkvrqfus/image/upload/v1732634650/yy9h5sql8dce73dkb5jl.jpg,
Lucio ,"Pescado blanco de agua dulce, magro y firme.",81,18,"0,6",0,pescados,"Bajo en grasas, excelente fuente de proteínas magras.",https://res.cloudinary.com/dnkvrqfus/image/upload/v1732634648/an5oh5tw6znv14yk3gus.jpg,
Mejillones ,Moluscos ricos en proteínas y minerales.,66,"11,7 ","2,7","3,4 ",pescados,"Alto en hierro y vitamina B12, ideal para el sistema inmune y la prevención de anemia.",https://res.cloudinary.com/dnkvrqfus/image/upload/v1732634646/ixwa6oxyxmdbeseevg8a.jpg,
Merluza ,Pescado blanco magro con carne tierna.,71,17,"0,3",0,pescados,"Muy bajo en grasas, ideal para dietas ligeras.",https://res.cloudinary.com/dnkvrqfus/image/upload/v1732634644/da61oweuep3oi32myh1m.jpg,
Mero ,Pescado blanco de carne firme y sabrosa.,80,"17,9 ","0,7","0,6 ",pescados,"Rico en proteínas, ideal para la reparación muscular.",https://res.cloudinary.com/dnkvrqfus/image/upload/v1732634642/syi46rm6fdzkojbgzc75.jpg,
Pez espada ,Pescado azul de carne firme y sabor suave,109,"16,9 ","4,2",1,pescados,"Fuente de proteínas y omega-3, ayuda a la salud del corazón.",https://res.cloudinary.com/dnkvrqfus/image/upload/v1732634640/tjxoynfqikpo8qct8mrl.jpg,
Pulpo ,Cefalópodo de carne firme y bajo en calorías.,57,"10,6 ",1,"1,4 ",pescados,"Bajo en grasas, rico en hierro y proteínas.",https://res.cloudinary.com/dnkvrqfus/image/upload/v1732634638/rjqwifbvc84x5mbrufzv.jpg,
Rodaballo ,Pescado blanco con carne firme y delicada,81,"16,3 ","1,3","1,2 ",pescados,"Rico en proteínas y bajo en grasas, ideal para dietas equilibradas.",https://res.cloudinary.com/dnkvrqfus/image/upload/v1732634636/zw8ml0jfrcamsoohxy2u.jpg,
Salmón ,Pescado azul graso con sabor intenso.,176,"18,4 ",12,0,pescados,"Alto en omega-3, beneficioso para el cerebro y el sistema cardiovascular.",https://res.cloudinary.com/dnkvrqfus/image/upload/v1732634634/e2dorns64zusaxkm4r4i.jpg,
Salmonete ,Pescado de carne firme con sabor delicado.,123,"15,8 ","6,2","1,1  ",pescados,"Fuente de proteínas y omega-3, ayuda a la salud ocular y la piel.",https://res.cloudinary.com/dnkvrqfus/image/upload/v1732634631/koimdcp0guugf5bjkpk9.jpg,
Sardina ,Pescado azul pequeño y graso,124,15,"4,4",1,pescados,"Rica en omega-3 y calcio, ideal para fortalecer huesos y articulaciones.",https://res.cloudinary.com/dnkvrqfus/image/upload/v1732634629/yj74j1hqs5zlahftvpni.jpg,
Sepia ,Cefalópodo de carne firme y versátil.,73,14,"1,5","0,7 ",pescados,"Baja en grasas, rica en proteínas y minerales esenciales como zinc y fósforo.",https://res.cloudinary.com/dnkvrqfus/image/upload/v1732634627/o29t5wudjrxjb4vpxwon.jpg,
Trucha ,Pescado azul magro de carne firme.,96,0,0,0,pescados,"Alto contenido de omega-3 y proteínas, ideal para la salud cardiovascular y muscular.",https://res.cloudinary.com/dnkvrqfus/image/upload/v1732634625/rxj7vzynbyqz67jjg2jf.jpg,
Huevo entero (100 gr)  ,Alimento completo rico en proteínas y nutrientes esenciales.,156,13,"11,1",0,huevos,"Fuente de proteínas de alta calidad, colina para la función cerebral y antioxidantes.",https://res.cloudinary.com/dnkvrqfus/image/upload/v1732635779/cnjntrltmt8jvxxizv4p.jpg,
Huevo entero  pequeño (50 gr)  ,"Versión más pequeña del huevo entero, con los mismos nutrientes pero en menor cantidad.",78,0,"11,1",0,huevos,"Misma composición nutricional que el huevo entero, ideal para porciones más pequeñas.",https://res.cloudinary.com/dnkvrqfus/image/upload/v1732635777/d4nblajy5ekw6aevvxaq.jpg,
Yema (17 gr) ,"Parte amarilla del huevo, rica en grasas y vitaminas liposolubles.",55,0,"27,5",0,huevos,"Alta en vitamina A, D, E y K, y contiene antioxidantes beneficiosos para la salud ocular.",https://res.cloudinary.com/dnkvrqfus/image/upload/v1732635775/l8ddzrwasutscktrbuok.jpg,
Clara (33 gr) ,"Parte blanca del huevo, compuesta principalmente por proteínas.",16,11,0,0,huevos,"Muy baja en calorías, alta en proteínas magras, ideal para el desarrollo muscular.",https://res.cloudinary.com/dnkvrqfus/image/upload/v1732635774/qrtugorh1kgkemy1s22l.jpg,
Aguacate ,Fruto cremoso y rico en grasas saludables.,232,"1,9 ",23.5,"3,2 ",frutas,"Fuente de grasas monoinsaturadas, beneficioso para el corazón y la piel.",https://res.cloudinary.com/dnkvrqfus/image/upload/v1732637897/vhelx5ihsog1uir9pyqm.jpg,
Albaricoque ,"Fruta pequeña, dulce y jugosa.",52,"0,4 ",0.1,"12,5 ",frutas,"Alto en vitamina A, ayuda a la visión y la piel.",https://res.cloudinary.com/dnkvrqfus/image/upload/v1732637892/dmxoaavjmvlax8wcpazz.jpg,
Arandano ,Pequeño fruto azul rico en antioxidantes.,41,"0,6 ",0.4,"10,1 ",frutas,Mejora la memoria y la salud cardiovascular.,https://res.cloudinary.com/dnkvrqfus/image/upload/v1732637890/jn9fl0u4l0utljbgkokb.jpg,
Cereza ,Fruta dulce con alto contenido de antioxidantes.,48,"0,8 ",0.1,"11,7 ",frutas,Propiedades antiinflamatorias y mejora el sueño.,https://res.cloudinary.com/dnkvrqfus/image/upload/v1732637885/os6olqc4f31zbl0h5hnv.jpg,
Ciruela ,Fruta dulce con alto contenido de fibra.,36,"0,5 ",0.1,"8,9 ",frutas,Ayuda a la digestión y regula el tránsito intestinal.,https://res.cloudinary.com/dnkvrqfus/image/upload/v1732637873/ssjun4l4luhmhhbyy1up.jpg,
Frambuesa ,Fruta roja rica en antioxidantes y fibra.,30,1,0.6,"5,6 ",frutas,Promueve la salud digestiva y protege contra el estrés oxidativo.,https://res.cloudinary.com/dnkvrqfus/image/upload/v1732637866/kniayh98jave4oyi4zbe.jpg,
Fresa ,Fruta dulce y jugosa rica en vitamina C.,27,"0,9 ",0.4,"5,6 ",frutas,Fortalece el sistema inmunológico y mejora la salud de la piel.,https://res.cloudinary.com/dnkvrqfus/image/upload/v1732637863/wfxkfzkvn8rlymyg0foj.jpg,
Granada ,Fruta exótica rica en antioxidantes.,62,"0,5 ",0.1,"15,9 ",frutas,Reduce la inflamación y mejora la salud cardiovascular.,https://res.cloudinary.com/dnkvrqfus/image/upload/v1732637729/yvswb2oaxnrp0go5dhpb.jpg,
Grosella ,Pequeño fruto ácido rico en vitamina C.,37,"0,9 ",0.6,"8,3 ",frutas,Fortalece el sistema inmunológico y protege contra infecciones.,https://res.cloudinary.com/dnkvrqfus/image/upload/v1732637682/aot5rs6ajlfc2ditnucw.jpg,
Higo fresco ,Fruta dulce rica en fibra y minerales.,47,"0,9 ",0.2,"11,2 ",frutas,Ayuda a la digestión y regula los niveles de azúcar en sangre.,https://res.cloudinary.com/dnkvrqfus/image/upload/v1732637675/izt9jflr4dvexyda5piy.jpg,
Limón ,Fruta ácida rica en vitamina C y antioxidantes.,14,"0,6 ",0,"3,2 ",frutas,"Alto en vitamina C, mejora el sistema inmunológico y actúa como antioxidante.",https://res.cloudinary.com/dnkvrqfus/image/upload/v1732637677/e0duzomgo2o56jogauuv.jpg,
Mandarina ,Fruta dulce y cítrica con alto contenido de vitamina C.,41,"0,7 ",0.4,"9,1 ",frutas,Refuerza el sistema inmunológico y favorece la salud de la piel.,https://res.cloudinary.com/dnkvrqfus/image/upload/v1732637675/izt9jflr4dvexyda5piy.jpg,
Mango ,Fruta tropical dulce y jugosa.,73,"0,7 ",0.4,"16,8 ",frutas,"Alto en vitamina A y antioxidantes, beneficioso para la salud ocular.",https://res.cloudinary.com/dnkvrqfus/image/upload/v1732637673/azdcxc3opmilftfgiyo5.jpg,
Manzana ,Fruta fresca y versátil con alto contenido de fibra.,45,"0,2 ",0.3,"10,4 ",frutas,"Fuente de fibra, antioxidantes y mejora la salud digestiva.",https://res.cloudinary.com/dnkvrqfus/image/upload/v1732637670/ili0ocuiueejtd0z94l3.jpg,
Melocotón ,Fruta jugosa con sabor dulce y ácido.,30,"0,8 ",0.1,"6,9 ",frutas,"Rico en vitaminas y antioxidantes, beneficioso para la piel.",https://res.cloudinary.com/dnkvrqfus/image/upload/v1732637668/ssnauelkiy3ewsj0aavw.jpg,
Melón ,Fruta refrescante de pulpa dulce.,30,"0,8 ",0.2,"7,4 ",frutas,"Hidratante y bajo en calorías, ideal para una dieta ligera.",https://res.cloudinary.com/dnkvrqfus/image/upload/v1732637666/po6r8iajhzdyc7fmmb7t.jpg,
Mora ,Fruto oscuro y jugoso con alto contenido de antioxidantes.,35,1,0.6,"6,5 ",frutas,"Rico en antioxidantes, protege contra el envejecimiento celular.",https://res.cloudinary.com/dnkvrqfus/image/upload/v1732637663/ax6lzbldd0a2gu9e4qdr.jpg,
Naranja ,Fruta cítrica dulce y rica en vitamina C.,53,1,0.2,"11,7 ",frutas,"Fuente de vitamina C, mejora el sistema inmunológico.",https://res.cloudinary.com/dnkvrqfus/image/upload/v1732637661/lmhh9oj2q06zzu7l53eg.jpg,
Níspero ,Fruta de sabor dulce y ligeramente ácido.,28,"0,4 ",0.4,"6,1 ",frutas,Mejora la digestión y favorece el tránsito intestinal.,https://res.cloudinary.com/dnkvrqfus/image/upload/v1732637659/g0admlnnqqtwru2wrqsi.jpg,
Piña , Fruta tropical dulce con un toque ácido.,55,"0,5 ",0.2,"12,7 ",frutas,"Contiene bromelina, que ayuda a la digestión y reduce la inflamación.",https://res.cloudinary.com/dnkvrqfus/image/upload/v1732637656/m8wqkf6mclax8ucdj4ws.jpg,
Pera ,Fruta jugosa con textura suave.,38,"0,7 ",0.1,2,frutas,"Rica en fibra, ideal para la regulación del sistema digestivo.",https://res.cloudinary.com/dnkvrqfus/image/upload/v1732637654/cplt3p66pev4uj4zqnpf.jpg,
Plátano , Fruta dulce y rica en potasio.,85,"1,2 ",0.3,"19,5 ",frutas,"Fuente de potasio, ayuda a la función muscular y nerviosa.",https://res.cloudinary.com/dnkvrqfus/image/upload/v1732637652/ipzac2pbpcdak8jdgfq6.jpg,
Pomelo , Fruta cítrica con sabor agridulce.,26,"0,6 ",0,"6,2 ",frutas,"Bajo en calorías, mejora la salud cardiovascular.",https://res.cloudinary.com/dnkvrqfus/image/upload/v1732637649/jtuzjrgstd2xjmn5hifl.jpg,
Sandía ,Fruta refrescante con alto contenido de agua.,15,"0,7 ",0,"3,7 ",frutas,"Muy hidratante y bajo en calorías, ideal para climas cálidos.",https://res.cloudinary.com/dnkvrqfus/image/upload/v1732637647/u86qs2tolsjcgqgritk6.jpg,
Uva ,Pequeño fruto dulce y jugoso.,61,"0,5 ",0.1,"15,6 ",frutas,"Rico en antioxidantes y energía rápida, ideal para la salud cardiovascular.",https://res.cloudinary.com/dnkvrqfus/image/upload/v1732637645/ao8p7akwijmvfabg6kmk.jpg,
Almendra ,Fruto seco con sabor suave y ligeramente dulce.,499,16,51.4,4,frutos secos,"Fuente de grasas saludables, mejora el corazón y regula el colesterol.",https://res.cloudinary.com/dnkvrqfus/image/upload/v1732638455/yfvutq6roegrxdw0wkzh.jpg,
Avellana  ,Fruto seco con textura crujiente y sabor a nuez.,625,13,62.9,"1,8 ",frutos secos,"Rica en grasas monoinsaturadas, beneficiosa para la salud cardiovascular.",https://res.cloudinary.com/dnkvrqfus/image/upload/v1732638452/upnebrtarjbmxnoe8i6a.jpg,
Cacahuete  ,Legumbre con alto contenido de proteínas y grasas.,452,"20,4 ",25.6,35,frutos secos,"Alto en proteínas, grasas saludables, y energía sostenida.",https://res.cloudinary.com/dnkvrqfus/image/upload/v1732638450/xyxxgr4dk5gk3sdqs5dx.jpg,
Castaña  ,Fruto seco con textura suave y sabor dulce.,349,"4,7 ",3,89,frutos secos,"Rica en carbohidratos complejos, ideal para energía prolongada.",https://res.cloudinary.com/dnkvrqfus/image/upload/v1732638447/qkifkfmxmgzdaomyfqqq.jpg,
Ciruela pasa ," Ciruela deshidratada, dulce y rica en fibra.",177,"2,2 ",0.5,"43,7 ",frutos secos,"Rica en fibra, mejora la digestión y regula el azúcar en sangre.",https://res.cloudinary.com/dnkvrqfus/image/upload/v1732638444/tn0bsq1arq0ggmtdkcgc.jpg,
Dátil seco ,Fruta tropical seca con un alto contenido de azúcar natural.,256,"2,7 ",0.6,"63,1 ",frutos secos,"Fuente de azúcares naturales, ideal como energía rápida.",https://res.cloudinary.com/dnkvrqfus/image/upload/v1732638441/gemkpn2t0o2rzuj2kclr.jpg,
Higo seco ,Fruta deshidratada con sabor dulce y textura masticable.,270,"3,5 ",2.7,"66,6 ",frutos secos,"Rica en calcio y hierro, ideal para la salud ósea y sanguínea.",https://res.cloudinary.com/dnkvrqfus/image/upload/v1732638437/wnnqolgcs6nm4ogix9ka.jpg,
Nuez  , Fruto seco con alto contenido de grasas saludables.,670,"15,6 ",63.3,"11,2 ",frutos secos,"Alta en omega-3, beneficiosa para el cerebro y la salud cardiovascular.",https://res.cloudinary.com/dnkvrqfus/image/upload/v1732638435/bx56tetcyahemybhdrpg.jpg,
Piñón  , Semilla pequeña y suave de sabor a nuez.,568,"29,6 ",47.8,5,frutos secos,"Rica en hierro, zinc y grasas saludables, mejora la energía.",https://res.cloudinary.com/dnkvrqfus/image/upload/v1732638199/q8m3pksb7pi0t0aafjub.jpg,
Pistacho  ,Fruto seco con textura crujiente y sabor dulce y salado.,600,0,49,0,frutos secos,"Alto en proteínas y grasas saludables, ideal para el corazón.",https://res.cloudinary.com/dnkvrqfus/image/upload/v1732638189/dm8boqy4c1ycscceouxm.png,
Uva Pasa ,Uva deshidratada dulce y rica en azúcares naturales.,301,"1,9 ",0.6,72,frutos secos,"Rico en azúcares naturales, fuente rápida de energía.",https://res.cloudinary.com/dnkvrqfus/image/upload/v1732638184/fuirjq21vr53vwxwrsqz.jpg,
Ajo ,Bulbo con sabor intenso utilizado como condimento en la cocina.,124,6,0.1,"26,3 ",verduras/hortalizas,"Propiedades antibacterianas, mejora la digestión y refuerza el sistema inmunológico.",https://res.cloudinary.com/dnkvrqfus/image/upload/v1732638686/svhwdiyzfch6pmy6plkb.jpg,
Alcachofa ,Flor comestible con sabor suave y ligeramente amargo.,17,"1,4 ",0.2,"2,3 ",verduras/hortalizas,"Rica en fibra, mejora la digestión y ayuda a controlar el colesterol.",https://res.cloudinary.com/dnkvrqfus/image/upload/v1732638683/g6nc0ohzyd616mk52iph.jpg,
Apio ,Vegetal de tallo largo y crujiente con sabor refrescante.,22,"2,3 ",0.2,"2,4 ",verduras/hortalizas,"Rico en fibra, ayuda a la digestión y regula el azúcar en sangre.",https://res.cloudinary.com/dnkvrqfus/image/upload/v1732638681/m0e8xvgztdyao6kvfo9y.jpg,
Berenjena ,Fruto de color morado con textura suave y sabor neutro.,16,"1,1 ",0.1,"2,6 ",verduras/hortalizas,"Bajo en calorías, alto en antioxidantes y ayuda a la digestión.",https://res.cloudinary.com/dnkvrqfus/image/upload/v1732638678/mzlthsrjxgutdftbhnxh.jpg,
Berro ,Hoja verde con sabor picante y fresco.,"13,2 ","2,4 ",0.2,"1,6 ",verduras/hortalizas,"Rico en vitamina C, ayuda a la circulación y a reducir la inflamación.",https://res.cloudinary.com/dnkvrqfus/image/upload/v1732638675/clmmfopzsc6adhanfkjr.jpg,
Brécol ,Vegetal crucífero de cabezas verdes compactas.,31,"3,3 ",0.2,4,verduras/hortalizas,"Rico en vitamina C y antioxidantes, combate el envejecimiento celular.",https://res.cloudinary.com/dnkvrqfus/image/upload/v1732638673/qhbsscv2dyxz8ds9zpov.jpg,
Calabacín ,"Fruto de piel fina y carne firme, bajo en calorías.",12,"1,3 ",0.1,"1,4 ",verduras/hortalizas,"Bajo en calorías, alto en vitamina C y promueve la salud cardiovascular.",https://res.cloudinary.com/dnkvrqfus/image/upload/v1732638670/ptdbqlb94kuyc5rudmfk.jpg,
Calabaza ,Fruto naranja con pulpa dulce y textura suave.,18,"1,1 ",0.1,"3,5 ",verduras/hortalizas,Ayuda a regular la presión arterial y es rico en antioxidantes.,https://res.cloudinary.com/dnkvrqfus/image/upload/v1732638668/lw3oinf2qnywjvpmdtlp.jpg,
Cardo ,Tallo comestible con textura fibrosa y sabor suave.,10,"0,6 ",0.1,"1,7 ",verduras/hortalizas,"Propiedades digestivas y antiinflamatorias, mejora la salud intestinal.",https://res.cloudinary.com/dnkvrqfus/image/upload/v1732638665/buvsc9b6zqsh8burf7nt.jpg,
Cebolla ,Bulbo de sabor dulce y textura crujiente.,24,1,0,"5,2 ",verduras/hortalizas,"Ayuda a controlar el colesterol, es rico en antioxidantes y mejora la salud cardiovascular.",https://res.cloudinary.com/dnkvrqfus/image/upload/v1732638663/eeyohqabuitsp5cz44it.jpg,
Col lombarda  ,Hoja verde púrpura con sabor suave y textura firme.,20,"1,9 ",0.2,"3,4 ",verduras/hortalizas,"Rico en antioxidantes, protege la vista y mejora la salud ósea.",https://res.cloudinary.com/dnkvrqfus/image/upload/v1732638660/yklgr0whyui6xvqp4kvs.jpg,
Coles de Bruselas ,Pequeñas cabezas verdes de sabor ligeramente amargo.,31,"4,2 ",0.5,"4,3 ",verduras/hortalizas,"Ayuda a reducir el riesgo de enfermedades cardíacas, contiene fibra.",https://res.cloudinary.com/dnkvrqfus/image/upload/v1732638658/i9txzb3jl7qu3zap34ff.jpg,
Coliflor ,Vegetal crucífero con sabor suave y textura tierna.,25,"3,2 ",0.2,"2,7 ",verduras/hortalizas,"Rica en antioxidantes, mejora la función digestiva y combate la inflamación.",https://res.cloudinary.com/dnkvrqfus/image/upload/v1732638655/mkdpeoyal4xvcjog6xay.jpg,
Espárrago ,Brote comestible de textura crujiente y sabor fresco.,27,"3,6 ",0.2,"2,9 ",verduras/hortalizas,"Rica en fibra, mejora la digestión y regula el azúcar en sangre.",https://res.cloudinary.com/dnkvrqfus/image/upload/v1732638652/awtyxxjlmgdrjzetv8dp.jpg,
Espinaca ,Hoja verde rica en nutrientes con sabor suave.,31,"3,4 ",0.7,3,verduras/hortalizas,Ayuda a la salud ocular y combate los efectos del envejecimiento.,https://res.cloudinary.com/dnkvrqfus/image/upload/v1732638650/td1tzm2dwemqnn625zfe.jpg,
Guisantes frescos  ,Legumbre verde con sabor dulce y textura crujiente.,70,7,0.2,"10,6 ",verduras/hortalizas,"Rico en vitamina A, mejora la piel y la vista.",https://res.cloudinary.com/dnkvrqfus/image/upload/v1732638647/pqtlv7crwefqwjsxb7lk.jpg,
Haba fresca ,Legumbre con sabor dulce y textura firme.,52,"4,1 ",0.8,"7,7 ",verduras/hortalizas,Aumenta la inmunidad y mejora la salud digestiva.,https://res.cloudinary.com/dnkvrqfus/image/upload/v1732638645/fylbwfz9japdjxybzq85.jpg,
Hinojo ,Tallo comestible con aroma anisado y sabor refrescante.,16,"0,5 ",0.3,"3,2 ",verduras/hortalizas,Ayuda a reducir la inflamación y mejora la digestión.,https://res.cloudinary.com/dnkvrqfus/image/upload/v1732638642/qvenzguhhvjpw4le5vjh.jpg,
Lechuga ,Hoja verde ligera con sabor fresco y textura crujiente.,19,"1,8 ",0.3,"2,2 ",verduras/hortalizas,Mejora la función del sistema nervioso y la salud muscular.,https://res.cloudinary.com/dnkvrqfus/image/upload/v1732638639/zn1lecasmjkngadmylze.jpg,
Nabo ,Raíz comestible de sabor suave y ligeramente dulce.,16,1,0.4,"3,3 ",verduras/hortalizas,"Rica en antioxidantes y fibra, mejora la digestión.",https://res.cloudinary.com/dnkvrqfus/image/upload/v1732638637/slu5fmtpwbztcrgougii.jpg,
Patata ,Tubérculo de textura firme y sabor terroso.,80,"2,1 ",0.1,18,verduras/hortalizas,Ayuda a la regulación del azúcar en sangre y proporciona energía sostenida.,https://res.cloudinary.com/dnkvrqfus/image/upload/v1732638634/nuvlr4aqyiys6hgjr5wz.jpg,
Pepino ,Fruto verde alargado con alto contenido de agua.,"10,4 ","0,7 ",0.1,2,verduras/hortalizas,Regula el sistema digestivo y proporciona nutrientes esenciales.,https://res.cloudinary.com/dnkvrqfus/image/upload/v1732638632/bn4btg1k4wdnuue3wmu0.jpg,
Puerro ,Vegetal de tallo blanco y verde con sabor dulce y suave.,26,"2,1 ",0.1,6,verduras/hortalizas,"Rico en potasio y antioxidantes, favorece la salud cardiovascular.",https://res.cloudinary.com/dnkvrqfus/image/upload/v1732638629/irrwczngelvmn0xdyfgf.jpg,
Remolacha ,Raíz de color rojo con textura firme y sabor dulce.,42,"1,5 ",0.1,"8,2 ",verduras/hortalizas,"Ideal para dietas bajas en calorías, mejora la hidratación.",https://res.cloudinary.com/dnkvrqfus/image/upload/v1732638626/l9dpal6fxbxlcgjjj008.jpg,
Repollo ,Vegetal crucífero con sabor suave y textura firme.,19,"2,1 ",0.1,"2,5 ",verduras/hortalizas,"Mejora la digestión, combate la hinchazón y proporciona fibra.",https://res.cloudinary.com/dnkvrqfus/image/upload/v1732638624/syrbaqc1purfxr7calqk.jpg,
Seta ,Hongo comestible con sabor umami y textura carnosa.,35,"4,6 ",0.4,"5,2 ",verduras/hortalizas,"Rico en antioxidantes y vitamina D, fortalece el sistema inmunológico.",https://res.cloudinary.com/dnkvrqfus/image/upload/v1732638621/ciikqwaedtjqaamplnk8.jpg,
Tomate ,Fruto rojo de textura jugosa y sabor ligeramente ácido.,16,1,0.2,"2,9 ",verduras/hortalizas,"Rico en grasas saludables, mejora el colesterol y protege el corazón.",https://res.cloudinary.com/dnkvrqfus/image/upload/v1732638568/gt8r4sklm3nsvszagr4p.jpg,
Trufa ,Hongo subterráneo con sabor fuerte y terroso.,30,6,0.5,"0,7 ",verduras/hortalizas,Aumenta la energía y mejora la salud digestiva.,https://res.cloudinary.com/dnkvrqfus/image/upload/v1732638566/ldzmubsrxqrjvqsw2fav.jpg,
Zanahoria ,Raíz de color naranja con sabor dulce y textura crujiente.,37,1,0.2,"7,8 ",verduras/hortalizas,"Rico en ácidos grasos omega-3, beneficia la salud del corazón y el cerebro.",https://res.cloudinary.com/dnkvrqfus/image/upload/v1732638563/psqsvkgrsklczpns00s9.jpg,
Alubia (judía seca)  ,"Fruto seco de planta leguminosa, muy utilizado en sopas y guisos.",316,23,1.3,61,legumbres,"Rico en fibra y proteínas, ayuda a regular el colesterol y mejora la digestión.",https://res.cloudinary.com/dnkvrqfus/image/upload/v1732642625/cu9s5tulzsqwmlayirvo.jpg,
Garbanzo ,"Leguminosa con sabor suave, usada en sopas, ensaladas y humus.",338,"21,8 ",4.9,"54,3 ",legumbres,"Alta fuente de proteínas y fibra, ayuda a controlar los niveles de azúcar en sangre y favorece la digestión.",https://res.cloudinary.com/dnkvrqfus/image/upload/v1732642622/t54l0w8pilhavoubds1a.jpg,
Guisantes secos  ,"Semillas de guisante secas, muy nutritivas y ricas en proteína.",304,"21,7 ",2,"53,6 ",legumbres,"Rico en proteínas vegetales, bajo en grasas, ayuda a mantener la salud muscular y digestiva.",https://res.cloudinary.com/dnkvrqfus/image/upload/v1732642620/xbn4bkipr9f9kmtmhx5w.jpg,
Haba seca ,"Leguminosa seca con un sabor fuerte, rica en fibra y proteínas.",304,27,2.4,"46,5 ",legumbres,"Fuente de proteínas, fibra y minerales, mejora la digestión y controla los niveles de colesterol.",https://res.cloudinary.com/dnkvrqfus/image/upload/v1732642617/eticyklo8tcwytlaqs7r.jpg,
Lenteja ,"Pequeña legumbre rica en proteínas y fibra, ideal para sopas y guisos.",325,25,2.5,54,legumbres,"Rica en hierro, proteínas y fibra, ayuda a la digestión y regula el azúcar en sangre.",https://res.cloudinary.com/dnkvrqfus/image/upload/v1732642614/xvvcvy0087fs0kud2f7o.jpg,
Arroz ,Grano básico utilizado para cocinar y acompañar muchos platos.,362,7,0.6,"87,6 ",cereales y derivados,"Fuente de energía rápida, rico en carbohidratos y fibra.",https://res.cloudinary.com/dnkvrqfus/image/upload/v1732642612/kbjq0jq65bxepnwaz4xt.jpg,
Cebada ,"Grano entero utilizado en sopas y panes, rico en fibra.",373,"10,4 ",1.4,"82,3 ",cereales y derivados,"Rico en fibra, ayuda a regular el colesterol y mejora la digestión.",https://res.cloudinary.com/dnkvrqfus/image/upload/v1732642609/mzwbtmb0is751hochsyv.jpg,
Centeno ,"Grano de cereal utilizado en panes, pasteles y otros productos.",350,"9,4 ",1,76,cereales y derivados,"Buen contenido de fibra, ayuda en la digestión y la regulación del azúcar en sangre.",https://res.cloudinary.com/dnkvrqfus/image/upload/v1732642606/nufrsstipykhjjmuxzim.jpg,
Copos de Maiz ,"Cereal procesado en copos, usado en cereales para desayuno.",372,"7,6 ",1,"85,2 ",cereales y derivados,"Fácil de digerir, proporciona energía rápida y es bajo en grasas.",https://res.cloudinary.com/dnkvrqfus/image/upload/v1732642604/tcum1ivjah7tuial2gd7.jpg,
Harina Integral ,"Harina hecha de trigo integral, rica en fibra y nutrientes.",321,11,1.9,"69,7 ",cereales y derivados,"Alta en fibra, favorece la digestión y regula los niveles de azúcar en sangre.",https://res.cloudinary.com/dnkvrqfus/image/upload/v1732642601/pldyourgpf0uwyycoqxn.jpg,
Galleta tipo María ,"Galleta crujiente de trigo, comúnmente usada para postres o acompañamientos.",409,"6,8 ",8.1,"82,3 ",cereales y derivados,"Rica en azúcares y grasas, proporciona energía rápida, pero debe consumirse con moderación.",https://res.cloudinary.com/dnkvrqfus/image/upload/v1732642599/uvvy9857ngbf5rbaawta.jpg,
Harina ,"Harina refinada de trigo, usada en panes y productos de repostería.",345,11,0.7,"73,6 ",cereales y derivados,"Fuente de carbohidratos, puede aportar energía, pero carece de nutrientes esenciales si se consume en exceso.",https://res.cloudinary.com/dnkvrqfus/image/upload/v1732642596/iyeniaeyfq5nsskrjhgv.jpg,
Maíz ,Grano de cereal que se utiliza para hacer harina y tortillas.,363,"9,2 ",3.8,73,cereales y derivados,"Rico en carbohidratos y fibra, ayuda en la digestión y el control del colesterol.",https://res.cloudinary.com/dnkvrqfus/image/upload/v1732642593/ss66xdwibqqpsziraaxi.jpg,
Pan Blanco ,"Pan hecho con harina blanca, comúnmente consumido en todo el mundo.",270,"8,1 ",0.5,64,cereales y derivados,"Bajo en grasas, fácil de digerir, ideal para dietas bajas en calorías.",https://res.cloudinary.com/dnkvrqfus/image/upload/v1732642591/ila8pnfxx2sqieu6nhby.jpg,
Pan Integral ,"Pan hecho con harina integral, más nutritivo que el pan blanco.",230,9,1,"47,5 ",cereales y derivados,"Fuente de energía sostenida, ideal para dietas balanceadas.",https://res.cloudinary.com/dnkvrqfus/image/upload/v1732642588/qwyuaalermdfaeca0ixr.jpg,
Pan Tostado ,"Pan tostado de harina blanca, con textura crujiente.",420,"11,3 ",6,83,cereales y derivados,"Rica en carbohidratos complejos, ideal para una fuente de energía duradera.",https://res.cloudinary.com/dnkvrqfus/image/upload/v1732642585/je8deggcmlkc20b7aeia.jpg,
Pasta al huevo ,"Pasta hecha con huevos, usada en diversos platos italianos.",368,19,0.2,"73,4 ",cereales y derivados,"Rico en proteínas y bajos en carbohidratos, ideal para dietas proteicas.",https://res.cloudinary.com/dnkvrqfus/image/upload/v1732642583/vjhcjvdjebtacir974z5.jpg,
Pasta de sémola ,"Pasta hecha de trigo dura, ideal para sopas o ensaladas.",336,13,0.3,"78,6 ",cereales y derivados,"Bajo en grasa, adecuado para personas con restricciones dietéticas.",https://res.cloudinary.com/dnkvrqfus/image/upload/v1732642580/pnuyjlg8ccpl2sxmjbkm.jpg,
Polenta (Harina de Maíz ,"Harina hecha de maíz, utilizada para hacer polenta o tortillas.",358,"8,7 ",2.7,"79,8 ",cereales y derivados,"Rica en carbohidratos y fibra, útil para la digestión y la regulación del colesterol.",https://res.cloudinary.com/dnkvrqfus/image/upload/v1732642578/kzkn7pb7ytoiifqcl7ye.jpg,
Sémola ,Harina de trigo refinado usada en panadería.,361,"11,5 ",0.5,"77,6 ",cereales y derivados,"Fuente de energía rápida, ideal para platos calientes o como acompañante.",https://res.cloudinary.com/dnkvrqfus/image/upload/v1732642575/dx0maidpdpmvztqaouws.jpg,
Tapioca ,"Alimento procesado a partir de yuca, muy utilizado en la cocina brasileña.",363,"0,6 ",0.2,"86,4 ",cereales y derivados,"Fácil de digerir, ideal para personas con sensibilidad digestiva.",https://res.cloudinary.com/dnkvrqfus/image/upload/v1732642573/dd9szqcpzjqlhzjpb3l1.jpg,
Trigo duro ,"Grano de cereal usado para hacer pan, pasta y otros productos",361,13,2.9,"70,8 ",cereales y derivados,"Rico en carbohidratos, ideal para platos que requieren consistencia y energía duradera",https://res.cloudinary.com/dnkvrqfus/image/upload/v1732642570/yx0t8tl1356xfcesvkgw.jpg,
Aceite de oliva  ,"Aceite extraído de las aceitunas, usado principalmente para aderezos y cocción.",900,0,100,0,grasas,"Rico en grasas monoinsaturadas, ayuda a reducir el colesterol malo y mejora la salud cardiovascular.",https://res.cloudinary.com/dnkvrqfus/image/upload/v1732642567/yudzylchfjoyt6efdutn.jpg,
Aceite de semillas ,"Aceite vegetal extraído de semillas, comúnmente usado para freír y cocinar.",900,0,100,0,grasas,"Alto en grasas poliinsaturadas, ideal para cocinar a altas temperaturas y mejora la salud del corazón.",https://res.cloudinary.com/dnkvrqfus/image/upload/v1732642565/tjlsasyd04xsleq1mn2b.jpg,
Mantequilla ,"Grasa derivada de la leche, usada para cocinar, untar o como ingrediente en repostería.",750,"0,6 ",83,"0,3 ",grasas,"Rica en grasas saturadas, proporciona energía, pero debe consumirse con moderación para evitar problemas de salud cardiovascular.",https://res.cloudinary.com/dnkvrqfus/image/upload/v1732642562/ywosl94jyyb3vps0vek2.jpg,
Manteca de cerdo  ,"Grasa animal derivada del cerdo, utilizada en cocina tradicional.",891,"0,3 ",82.8,"0,2 ",grasas,"Fuente de grasas saturadas, ayuda a dar sabor y textura a los alimentos, pero se debe consumir con moderación.",https://res.cloudinary.com/dnkvrqfus/image/upload/v1732642559/hptavtuwtkiv2ziykv50.jpg,
Margarina ,"Grasa vegetal procesada, comúnmente utilizada como sustituto de la mantequilla en la cocina",747,0,99,"0,3 ",grasas,"Contiene grasas trans, generalmente no recomendada debido a sus efectos negativos sobre la salud cardiovascular.",https://res.cloudinary.com/dnkvrqfus/image/upload/v1732642558/njdhhketfv18hewbluud.jpg,
Leche entera ,"Leche completa, con mayor contenido de grasa que la leche semidesnatada o desnatada.",63,"3,2 ",3.7,"4,6 ",lacteos,"Rico en calcio y vitamina D, ideal para fortalecer los huesos y dientes.",https://res.cloudinary.com/dnkvrqfus/image/upload/v1732643140/htlxnzghnq37owb8dvqm.jpg,
Leche semidesnatada ,"Leche con un porcentaje reducido de grasa, utilizada en dietas moderadas.",49,"3,5 ",1.8,5,lacteos,"Fuente de calcio y proteínas, ayuda a mantener la salud ósea y muscular.",https://res.cloudinary.com/dnkvrqfus/image/upload/v1732643137/d19e2kfctj1uddwsm8ab.jpg,
Leche desnatada ,"Leche sin grasa, ideal para personas que buscan reducir calorías y grasas.",33,"3,4 ",0.2,"4,7 ",lacteos,"Bajo en calorías, ideal para personas que buscan reducir grasa corporal.",https://res.cloudinary.com/dnkvrqfus/image/upload/v1732643134/lkavbwtprho2wourbnkw.jpg,
Yogur entero ,"Yogur con alto contenido de grasa, generalmente cremoso y más denso en sabor.",61,"3,3 ",3.5,4,lacteos,"Rico en proteínas y calcio, ayuda al desarrollo muscular y la salud ósea.",https://res.cloudinary.com/dnkvrqfus/image/upload/v1732643131/ngsbasys8eirpwtsvmig.jpg,
Yogur desnatado ,"Yogur bajo en grasa, ideal para dietas bajas en calorías.",36,"3,3 ",0.9,4,lacteos,"Bajo en calorías, beneficioso para mantener un peso saludable.",https://res.cloudinary.com/dnkvrqfus/image/upload/v1732643128/hudpmxvzcortpfyzky8k.jpg,
Yogur con frutas  ,"Yogur con adición de frutas, generalmente dulce y con alto contenido de azúcares.",89,"2,8 ",3.3,"12,6 ",lacteos,Contiene probióticos que mejoran la digestión y la salud intestinal.,https://res.cloudinary.com/dnkvrqfus/image/upload/v1732643126/tocpiknrhoied1d9mhxi.jpg,
Nata ,"Crema espesa de leche, rica en grasa, utilizada en salsas y postres.",337,"2,3 ",35,"3,4 ",lacteos,"Fuente de grasas saturadas, aporta energía rápida y mejora la textura de salsas y postres.",https://res.cloudinary.com/dnkvrqfus/image/upload/v1732643123/drcxuid4ggepos4gvocg.jpg,
Brie ,"Queso cremoso de leche de vaca, con un sabor suave y textura blanda.",263,17,21,21,quesos,"Rico en calcio, vitamina B12 y proteínas, ideal para fortalecer los huesos.",https://res.cloudinary.com/dnkvrqfus/image/upload/v1732643120/kp3qzspkfuzoe2qruusq.jpg,
Camembert ,"Queso blando de pasta suave y sabor cremoso, originario de Francia.",301,"20,5 ",25.7,"25,7 ",quesos,"Rico en grasas, calcio y vitaminas A y B, beneficioso para la salud ósea y la piel.",https://res.cloudinary.com/dnkvrqfus/image/upload/v1732643117/sk4wcvqynqocreyf6cvp.jpg,
Cheddar ,"Queso de sabor fuerte y textura firme, utilizado en sándwiches y gratinados.",381,25,31,31,quesos,"Fuente rica en calcio y proteínas, ideal para la salud ósea.",https://res.cloudinary.com/dnkvrqfus/image/upload/v1732643114/jk7xfnq2qqw2zzzndjym.jpg,
Edam ,"Queso semiduro, con un sabor suave y ligeramente dulce.",306,26,22,22,quesos,"Rico en calcio, mejora la salud dental y ósea.",https://res.cloudinary.com/dnkvrqfus/image/upload/v1732643111/vyoigk3sjpkr9gp8nnmg.jpg,
Emmental ,"Queso de pasta dura, con un sabor más intenso y con mayor curación.",404,"28,5 ",30.6,"30,6 ",quesos,"Ayuda en la salud cardiovascular, es rico en proteínas y calcio.",https://res.cloudinary.com/dnkvrqfus/image/upload/v1732643108/alhqqhtjzjitfuxtylks.jpg,
Gruyère ,"Queso suizo de pasta dura y sabor suave, ideal para fondues y ensaladas.",393,29,30,30,quesos,"Mejora la salud ósea, es rico en calcio y proteínas.",https://res.cloudinary.com/dnkvrqfus/image/upload/v1732643105/iyulijpcvftxmapjtaqi.jpg,
Mozzarella ,"Queso de pasta hilada y sabor suave, ideal para pizzas y ensaladas.",245,"19,9 ",16.1,"16,1 ",quesos,"Contiene calcio, proteínas y antioxidantes, beneficioso para la salud ósea.",https://res.cloudinary.com/dnkvrqfus/image/upload/v1732643102/xuwdq2nivyf8ht0gww68.jpg,
Parmesano ,"Queso duro de sabor fuerte, originario de Italia, utilizado en pastas y pizzas.",374,36,25.6,"25,6 ",quesos,"Rico en calcio, vitamina B12 y proteínas, ideal para la salud ósea.",https://res.cloudinary.com/dnkvrqfus/image/upload/v1732643099/z8hym37ncdeimtophgfk.jpg,
Queso de Oveja ,Queso de oveja con un sabor fuerte y textura firme.,380,"28,2 ",29.5,"29,5 ",quesos,"Fuente de proteínas y calcio, fortalece huesos y músculos.",https://res.cloudinary.com/dnkvrqfus/image/upload/v1732643097/nksyogsihfc2tvjkvweb.jpg,
Requesón ,"Queso fresco de textura suave y sabor ligero, ideal para dietas bajas en grasa.",96,"13,6 ",4,4,quesos,"Bajo en grasas, ideal para dietas saludables y control de peso.",https://res.cloudinary.com/dnkvrqfus/image/upload/v1732643094/q8x8bmloqiqkromb8hio.jpg,
Roquefort ,"Queso azul con sabor fuerte y salado, utilizado en ensaladas y salsas.",413,23,35,35,quesos,"Rico en vitamina A y calcio, ideal para la salud ocular y ósea.",https://res.cloudinary.com/dnkvrqfus/image/upload/v1732643091/j9udjhgoifrf76qssy0d.jpg,
Chocolate ,"Producto dulce hecho a base de cacao, usado como golosina o ingrediente de repostería.",564,"8,9 ",37.9,"50,8 ",otros,"Rico en antioxidantes, mejora el rendimiento cognitivo y combate el envejecimiento.",https://res.cloudinary.com/dnkvrqfus/image/upload/v1732643088/ooozh9fiyaei78wtqukb.jpg,
Miel  ,"Producto natural extraído de las abejas, utilizado como endulzante natural.",300,"0,6 ",0,80,otros,"Fuente natural de azúcar, proporciona energía rápida y beneficios para la digestión.",https://res.cloudinary.com/dnkvrqfus/image/upload/v1732643085/olh99gnjzkwctslvo6ek.jpg,
,,, ,,,,,,
